email1.txt,1
email2.txt,1
email3.txt,1
email4.txt,1
email5.txt,1
email6.txt,1
email7.txt,1
email8.txt,1
email9.txt,1
email10.txt,1
email11.txt,1
email12.txt,1
email13.txt,1
email14.txt,1
email15.txt,1
email16.txt,1
email17.txt,1
email18.txt,1
email19.txt,1
email20.txt,1
email21.txt,1
email22.txt,1
email23.txt,1
email24.txt,1
email25.txt,1
email26.txt,1
email27.txt,1
email28.txt,1
email29.txt,1
email30.txt,1
email31.txt,1
email32.txt,1
email33.txt,1
email34.txt,1
email35.txt,1
email36.txt,1
email37.txt,1
email38.txt,1
email39.txt,1
email40.txt,1
email41.txt,1
email42.txt,1
email43.txt,1
email44.txt,1
email45.txt,1
email46.txt,1
email47.txt,1
email48.txt,1
email49.txt,1
email50.txt,1
email51.txt,1
email52.txt,1
email53.txt,1
email54.txt,1
email55.txt,1
email56.txt,1
email57.txt,1
email58.txt,1
email59.txt,1
email60.txt,1
email61.txt,1
email62.txt,1
email63.txt,1
email64.txt,1
email65.txt,1
email66.txt,1
email67.txt,1
email68.txt,1
email69.txt,1
email70.txt,1
email71.txt,1
email72.txt,1
email73.txt,1
email74.txt,1
email75.txt,1
email76.txt,1
email77.txt,1
email78.txt,1
email79.txt,1
email80.txt,1
email81.txt,1
email82.txt,1
email83.txt,1
email84.txt,1
email85.txt,1
email86.txt,1
email87.txt,1
email88.txt,1
email89.txt,1
email90.txt,1
email91.txt,1
email92.txt,1
email93.txt,1
email94.txt,1
email95.txt,1
email96.txt,1
email97.txt,1
email98.txt,1
email99.txt,1
email100.txt,1
email101.txt,1
email102.txt,1
email103.txt,1
email104.txt,1
email105.txt,1
email106.txt,1
email107.txt,1
email108.txt,1
email109.txt,1
email110.txt,1
email111.txt,1
email112.txt,1
email113.txt,1
email114.txt,1
email115.txt,1
email116.txt,1
email117.txt,1
email118.txt,1
email119.txt,1
email120.txt,1
email121.txt,1
email122.txt,1
email123.txt,1
email124.txt,1
email125.txt,1
email126.txt,1
email127.txt,1
email128.txt,1
email129.txt,1
email130.txt,1
email131.txt,1
email132.txt,1
email133.txt,1
email134.txt,1
email135.txt,1
email136.txt,1
email137.txt,1
email138.txt,1
email139.txt,1
email140.txt,1
email141.txt,1
email142.txt,1
email143.txt,1
email144.txt,1
email145.txt,1
email146.txt,1
email147.txt,1
email148.txt,1
email149.txt,1
email150.txt,1
email151.txt,1
email152.txt,1
email153.txt,1
email154.txt,1
email155.txt,1
email156.txt,1
email157.txt,1
email158.txt,1
email159.txt,1
email160.txt,1
email161.txt,1
email162.txt,1
email163.txt,1
email164.txt,1
email165.txt,1
email166.txt,1
email167.txt,1
email168.txt,1
email169.txt,1
email170.txt,1
email171.txt,1
email172.txt,1
email173.txt,1
email174.txt,1
email175.txt,1
email176.txt,1
email177.txt,1
email178.txt,1
email179.txt,1
email180.txt,1
email181.txt,1
email182.txt,1
email183.txt,1
email184.txt,1
email185.txt,1
email186.txt,1
email187.txt,1
email188.txt,1
email189.txt,1
email190.txt,1
email191.txt,1
email192.txt,1
email193.txt,1
email194.txt,1
email195.txt,1
email196.txt,1
email197.txt,1
email198.txt,1
email199.txt,1
email200.txt,1
email201.txt,1
email202.txt,1
email203.txt,1
email204.txt,1
email205.txt,1
email206.txt,1
email207.txt,1
email208.txt,1
email209.txt,1
email210.txt,1
email211.txt,1
email212.txt,1
email213.txt,1
email214.txt,1
email215.txt,1
email216.txt,1
email217.txt,1
email218.txt,1
email219.txt,1
email220.txt,1
email221.txt,1
email222.txt,1
email223.txt,1
email224.txt,1
email225.txt,1
email226.txt,1
email227.txt,1
email228.txt,1
email229.txt,1
email230.txt,1
email231.txt,1
email232.txt,1
email233.txt,1
email234.txt,1
email235.txt,1
email236.txt,1
email237.txt,1
email238.txt,1
email239.txt,1
email240.txt,1
email241.txt,1
email242.txt,1
email243.txt,1
email244.txt,1
email245.txt,1
email246.txt,1
email247.txt,1
email248.txt,1
email249.txt,1
email250.txt,1
email251.txt,1
email252.txt,1
email253.txt,1
email254.txt,1
email255.txt,1
email256.txt,1
email257.txt,1
email258.txt,1
email259.txt,1
email260.txt,1
email261.txt,1
email262.txt,1
email263.txt,1
email264.txt,1
email265.txt,1
email266.txt,1
email267.txt,1
email268.txt,1
email269.txt,1
email270.txt,1
email271.txt,1
email272.txt,1
email273.txt,1
email274.txt,1
email275.txt,1
email276.txt,1
email277.txt,1
email278.txt,1
email279.txt,1
email280.txt,1
email281.txt,1
email282.txt,1
email283.txt,1
email284.txt,1
email285.txt,1
email286.txt,1
email287.txt,1
email288.txt,1
email289.txt,1
email290.txt,1
email291.txt,1
email292.txt,1
email293.txt,1
email294.txt,1
email295.txt,1
email296.txt,1
email297.txt,1
email298.txt,1
email299.txt,1
email300.txt,1
email301.txt,1
email302.txt,1
email303.txt,1
email304.txt,1
email305.txt,1
email306.txt,1
email307.txt,1
email308.txt,1
email309.txt,1
email310.txt,1
email311.txt,1
email312.txt,1
email313.txt,1
email314.txt,1
email315.txt,1
email316.txt,1
email317.txt,1
email318.txt,1
email319.txt,1
email320.txt,1
email321.txt,1
email322.txt,1
email323.txt,1
email324.txt,1
email325.txt,1
email326.txt,1
email327.txt,1
email328.txt,1
email329.txt,1
email330.txt,1
email331.txt,1
email332.txt,1
email333.txt,1
email334.txt,1
email335.txt,1
email336.txt,1
email337.txt,1
email338.txt,1
email339.txt,1
email340.txt,1
email341.txt,1
email342.txt,1
email343.txt,1
email344.txt,1
email345.txt,1
email346.txt,1
email347.txt,1
email348.txt,1
email349.txt,1
email350.txt,1
email351.txt,1
email352.txt,1
email353.txt,1
email354.txt,1
email355.txt,1
email356.txt,1
email357.txt,1
email358.txt,1
email359.txt,1
email360.txt,1
email361.txt,1
email362.txt,1
email363.txt,1
email364.txt,1
email365.txt,1
email366.txt,1
email367.txt,1
email368.txt,1
email369.txt,1
email370.txt,1
email371.txt,1
email372.txt,1
email373.txt,1
email374.txt,1
email375.txt,1
email376.txt,1
email377.txt,1
email378.txt,1
email379.txt,1
email380.txt,1
email381.txt,1
email382.txt,1
email383.txt,1
email384.txt,1
email385.txt,1
email386.txt,1
email387.txt,1
email388.txt,1
email389.txt,1
email390.txt,1
email391.txt,1
email392.txt,1
email393.txt,1
email394.txt,1
email395.txt,1
email396.txt,1
email397.txt,1
email398.txt,1
email399.txt,1
email400.txt,1
email401.txt,1
email402.txt,1
email403.txt,1
email404.txt,1
email405.txt,1
email406.txt,1
email407.txt,1
email408.txt,1
email409.txt,1
email410.txt,1
email411.txt,1
email412.txt,1
email413.txt,1
email414.txt,1
email415.txt,1
email416.txt,1
email417.txt,1
email418.txt,1
email419.txt,1
email420.txt,1
email421.txt,1
email422.txt,1
email423.txt,1
email424.txt,1
email425.txt,1
email426.txt,1
email427.txt,1
email428.txt,1
email429.txt,1
email430.txt,1
email431.txt,1
email432.txt,1
email433.txt,1
email434.txt,1
email435.txt,1
email436.txt,1
email437.txt,1
email438.txt,1
email439.txt,1
email440.txt,1
email441.txt,1
email442.txt,1
email443.txt,1
email444.txt,1
email445.txt,1
email446.txt,1
email447.txt,1
email448.txt,1
email449.txt,1
email450.txt,1
email451.txt,1
email452.txt,1
email453.txt,1
email454.txt,1
email455.txt,1
email456.txt,1
email457.txt,1
email458.txt,1
email459.txt,1
email460.txt,1
email461.txt,1
email462.txt,1
email463.txt,1
email464.txt,1
email465.txt,1
email466.txt,1
email467.txt,1
email468.txt,1
email469.txt,1
email470.txt,1
email471.txt,1
email472.txt,1
email473.txt,1
email474.txt,1
email475.txt,1
email476.txt,1
email477.txt,1
email478.txt,1
email479.txt,1
email480.txt,1
email481.txt,1
email482.txt,1
email483.txt,1
email484.txt,1
email485.txt,1
email486.txt,1
email487.txt,1
email488.txt,1
email489.txt,1
email490.txt,1
email491.txt,1
email492.txt,1
email493.txt,1
email494.txt,1
email495.txt,1
email496.txt,1
email497.txt,1
email498.txt,1
email499.txt,1
email500.txt,1
email501.txt,0
email502.txt,0
email503.txt,0
email504.txt,0
email505.txt,0
email506.txt,0
email507.txt,0
email508.txt,0
email509.txt,0
email510.txt,0
email511.txt,0
email512.txt,0
email513.txt,0
email514.txt,0
email515.txt,0
email516.txt,0
email517.txt,0
email518.txt,0
email519.txt,0
email520.txt,0
email521.txt,0
email522.txt,0
email523.txt,0
email524.txt,0
email525.txt,0
email526.txt,0
email527.txt,0
email528.txt,0
email529.txt,0
email530.txt,0
email531.txt,0
email532.txt,0
email533.txt,0
email534.txt,0
email535.txt,0
email536.txt,0
email537.txt,0
email538.txt,0
email539.txt,0
email540.txt,0
email541.txt,0
email542.txt,0
email543.txt,0
email544.txt,0
email545.txt,0
email546.txt,0
email547.txt,0
email548.txt,0
email549.txt,0
email550.txt,0
email551.txt,0
email552.txt,0
email553.txt,0
email554.txt,0
email555.txt,0
email556.txt,0
email557.txt,0
email558.txt,0
email559.txt,0
email560.txt,0
email561.txt,0
email562.txt,0
email563.txt,0
email564.txt,0
email565.txt,0
email566.txt,0
email567.txt,0
email568.txt,0
email569.txt,0
email570.txt,0
email571.txt,0
email572.txt,0
email573.txt,0
email574.txt,0
email575.txt,0
email576.txt,0
email577.txt,0
email578.txt,0
email579.txt,0
email580.txt,0
email581.txt,0
email582.txt,0
email583.txt,0
email584.txt,0
email585.txt,0
email586.txt,0
email587.txt,0
email588.txt,0
email589.txt,0
email590.txt,0
email591.txt,0
email592.txt,0
email593.txt,0
email594.txt,0
email595.txt,0
email596.txt,0
email597.txt,0
email598.txt,0
email599.txt,0
email600.txt,0
email601.txt,0
email602.txt,0
email603.txt,0
email604.txt,0
email605.txt,0
email606.txt,0
email607.txt,0
email608.txt,0
email609.txt,0
email610.txt,0
email611.txt,0
email612.txt,0
email613.txt,0
email614.txt,0
email615.txt,0
email616.txt,0
email617.txt,0
email618.txt,0
email619.txt,0
email620.txt,0
email621.txt,0
email622.txt,0
email623.txt,0
email624.txt,0
email625.txt,0
email626.txt,0
email627.txt,0
email628.txt,0
email629.txt,0
email630.txt,0
email631.txt,0
email632.txt,0
email633.txt,0
email634.txt,0
email635.txt,0
email636.txt,0
email637.txt,0
email638.txt,0
email639.txt,0
email640.txt,0
email641.txt,0
email642.txt,0
email643.txt,0
email644.txt,0
email645.txt,0
email646.txt,0
email647.txt,0
email648.txt,0
email649.txt,0
email650.txt,0
email651.txt,0
email652.txt,0
email653.txt,0
email654.txt,0
email655.txt,0
email656.txt,0
email657.txt,0
email658.txt,0
email659.txt,0
email660.txt,0
email661.txt,0
email662.txt,0
email663.txt,0
email664.txt,0
email665.txt,0
email666.txt,0
email667.txt,0
email668.txt,0
email669.txt,0
email670.txt,0
email671.txt,0
email672.txt,0
email673.txt,0
email674.txt,0
email675.txt,0
email676.txt,0
email677.txt,0
email678.txt,0
email679.txt,0
email680.txt,0
email681.txt,0
email682.txt,0
email683.txt,0
email684.txt,0
email685.txt,0
email686.txt,0
email687.txt,0
email688.txt,0
email689.txt,0
email690.txt,0
email691.txt,0
email692.txt,0
email693.txt,0
email694.txt,0
email695.txt,0
email696.txt,0
email697.txt,0
email698.txt,0
email699.txt,0
email700.txt,0
email701.txt,0
email702.txt,0
email703.txt,0
email704.txt,0
email705.txt,0
email706.txt,0
email707.txt,0
email708.txt,0
email709.txt,0
email710.txt,0
email711.txt,0
email712.txt,0
email713.txt,0
email714.txt,0
email715.txt,0
email716.txt,0
email717.txt,0
email718.txt,0
email719.txt,0
email720.txt,0
email721.txt,0
email722.txt,0
email723.txt,0
email724.txt,0
email725.txt,0
email726.txt,0
email727.txt,0
email728.txt,0
email729.txt,0
email730.txt,0
email731.txt,0
email732.txt,0
email733.txt,0
email734.txt,0
email735.txt,0
email736.txt,0
email737.txt,0
email738.txt,0
email739.txt,0
email740.txt,0
email741.txt,0
email742.txt,0
email743.txt,0
email744.txt,0
email745.txt,0
email746.txt,0
email747.txt,0
email748.txt,0
email749.txt,0
email750.txt,0
email751.txt,0
email752.txt,0
email753.txt,0
email754.txt,0
email755.txt,0
email756.txt,0
email757.txt,0
email758.txt,0
email759.txt,0
email760.txt,0
email761.txt,0
email762.txt,0
email763.txt,0
email764.txt,0
email765.txt,0
email766.txt,0
email767.txt,0
email768.txt,0
email769.txt,0
email770.txt,0
email771.txt,0
email772.txt,0
email773.txt,0
email774.txt,0
email775.txt,0
email776.txt,0
email777.txt,0
email778.txt,0
email779.txt,0
email780.txt,0
email781.txt,0
email782.txt,0
email783.txt,0
email784.txt,0
email785.txt,0
email786.txt,0
email787.txt,0
email788.txt,0
email789.txt,0
email790.txt,0
email791.txt,0
email792.txt,0
email793.txt,0
email794.txt,0
email795.txt,0
email796.txt,0
email797.txt,0
email798.txt,0
email799.txt,0
email800.txt,0
email801.txt,0
email802.txt,0
email803.txt,0
email804.txt,0
email805.txt,0
email806.txt,0
email807.txt,0
email808.txt,0
email809.txt,0
email810.txt,0
email811.txt,0
email812.txt,0
email813.txt,0
email814.txt,0
email815.txt,0
email816.txt,0
email817.txt,0
email818.txt,0
email819.txt,0
email820.txt,0
email821.txt,0
email822.txt,0
email823.txt,0
email824.txt,0
email825.txt,0
email826.txt,0
email827.txt,0
email828.txt,0
email829.txt,0
email830.txt,0
email831.txt,0
email832.txt,0
email833.txt,0
email834.txt,0
email835.txt,0
email836.txt,0
email837.txt,0
email838.txt,0
email839.txt,0
email840.txt,0
email841.txt,0
email842.txt,0
email843.txt,0
email844.txt,0
email845.txt,0
email846.txt,0
email847.txt,0
email848.txt,0
email849.txt,0
email850.txt,0
email851.txt,0
email852.txt,0
email853.txt,0
email854.txt,0
email855.txt,0
email856.txt,0
email857.txt,0
email858.txt,0
email859.txt,0
email860.txt,0
email861.txt,0
email862.txt,0
email863.txt,0
email864.txt,0
email865.txt,0
email866.txt,0
email867.txt,0
email868.txt,0
email869.txt,0
email870.txt,0
email871.txt,0
email872.txt,0
email873.txt,0
email874.txt,0
email875.txt,0
email876.txt,0
email877.txt,0
email878.txt,0
email879.txt,0
email880.txt,0
email881.txt,0
email882.txt,0
email883.txt,0
email884.txt,0
email885.txt,0
email886.txt,0
email887.txt,0
email888.txt,0
email889.txt,0
email890.txt,0
email891.txt,0
email892.txt,0
email893.txt,0
email894.txt,0
email895.txt,0
email896.txt,0
email897.txt,0
email898.txt,0
email899.txt,0
email900.txt,0
email901.txt,0
email902.txt,0
email903.txt,0
email904.txt,0
email905.txt,0
email906.txt,0
email907.txt,0
email908.txt,0
email909.txt,0
email910.txt,0
email911.txt,0
email912.txt,0
email913.txt,0
email914.txt,0
email915.txt,0
email916.txt,0
email917.txt,0
email918.txt,0
email919.txt,0
email920.txt,0
email921.txt,0
email922.txt,0
email923.txt,0
email924.txt,0
email925.txt,0
email926.txt,0
email927.txt,0
email928.txt,0
email929.txt,0
email930.txt,0
email931.txt,0
email932.txt,0
email933.txt,0
email934.txt,0
email935.txt,0
email936.txt,0
email937.txt,0
email938.txt,0
email939.txt,0
email940.txt,0
email941.txt,0
email942.txt,0
email943.txt,0
email944.txt,0
email945.txt,0
email946.txt,0
email947.txt,0
email948.txt,0
email949.txt,0
email950.txt,0
email951.txt,0
email952.txt,0
email953.txt,0
email954.txt,0
email955.txt,0
email956.txt,0
email957.txt,0
email958.txt,0
email959.txt,0
email960.txt,0
email961.txt,0
email962.txt,0
email963.txt,0
email964.txt,0
email965.txt,0
email966.txt,0
email967.txt,0
email968.txt,0
email969.txt,0
email970.txt,0
email971.txt,0
email972.txt,0
email973.txt,0
email974.txt,0
email975.txt,0
email976.txt,0
email977.txt,0
email978.txt,0
email979.txt,0
email980.txt,0
email981.txt,0
email982.txt,0
email983.txt,0
email984.txt,0
email985.txt,0
email986.txt,0
email987.txt,0
email988.txt,0
email989.txt,0
email990.txt,0
email991.txt,0
email992.txt,0
email993.txt,0
email994.txt,0
email995.txt,0
email996.txt,0
email997.txt,0
email998.txt,0
email999.txt,0
email1000.txt,0
